gold_id,conversation_id,tweet_id,customer_message,suggested_intent,length_bucket,difficulty,priority,intent_label,should_escalate_human,reply_quality_human,judge_overall,judge_groundedness,notes
G001,amazon_1103660,1103660,@AmazonHelp . Here we go again. Why offer Prime members 2 day or 1 day shipping then ship UPS ground service despite my selection? #badhabit,prime_membership,medium,standard,,,,,,,
G002,amazon_641844,641844,@AmazonHelp I was due a delivery by 8pm tonight still no parcel and I pay for amazon prime and I just looked and it’s now saying it won’t be here till the 24th?! what is going on! I waited in all day this is a joke!! This isn’t good enough,delivery_tracking_delay,long,ambiguous,,,,,,,
G003,amazon_1043727,1043688,@AmazonHelp @115821 @115850 what reply you want? I have not received it. Please send it again. Why are you troubling your customers,missing_or_not_received,medium,standard,,,,,,,
G004,amazon_1387286,1387287,@AmazonHelp shall I cancel the order,cancel_order,short,standard,,,,,,,
G005,amazon_1370792,1370791,@AmazonHelp You are hurting businesses through your faulty #amazonfulfillment practices and damaging the shopping experience for the seller. #SNAFU,wrong_damaged_item,medium,standard,,,,,,,
G006,amazon_1384836,1384836,"Totally annoyed with @115821 customer services, how can it take so long to redeem a code?",gift_card,medium,standard,,,,,,,
G007,amazon_2240636,2240635,"@AmazonHelp I have a Amazon Gift card which has balance when I try to use it , it says the card balance is used. I have check the balance exist. So what information you need to help me better . Amazon Gift card I'd ? I am happy to share but on Twitter only the reason is mentioned earlier.",payment_billing,long,ambiguous,,,,,,,
G008,amazon_479398,479396,@AmazonHelp Lol now the status says the “business address was closed because of a holiday.” Huh? https://t.co/FFJbzvaTLg,address_delivery,medium,standard,,,,,,,
G009,amazon_981167,981165,"@115830 At the same address that my parcel is coming to....🤔 What the heck is going on??? This isn't looking good for Xmas, is it?",address_delivery,medium,standard,,,,,,,
G010,amazon_282739,438887,@AmazonHelp Amazon- Do you sell product to survive only return expiration period. Go to CP in Delhi. Tempered glass is available for merely Rs 100 per piece. Yet I bought Netboon at Rs 1800. I did not buy from Netboon. Who is Netbeen ? Nobody know. I bought from Amazon. @115937 @118702,refund_return,long,standard,,,,,,,
G011,amazon_255025,255024,@AmazonHelp same product and same price by two vendors! A: I'll deliver it by 4-5 Oct B: I'll deliver it by 4-10 Oct which one do you choose?! @115821,payment_billing,medium,standard,,,,,,,
G012,amazon_2330916,2330916,@115833 @115888 where do I report bugs to? One (but only one) of my echos thinks I’m not connected to spotify and I can’t solve it,other,medium,hard,,,,,,,
G013,amazon_56854,56854,@115821 what do you mean my package can't be delivered. I've had packages dropped off at the address before,address_delivery,medium,standard,,,,,,,
G014,amazon_2668019,2668021,"@AmazonHelp Je ne peux pas me connecter , mon compte est verrouillé ! My account is locked !!",account_login,medium,standard,,,,,,,
G015,amazon_703020,703020,"@115850 Please roll out all the Alexa Echo features for indian users too. Voice training, identification of multiple users, traffic - these are must.",other,medium,hard,,,,,,,
G016,amazon_35845,35849,@AmazonHelp I have twice. This will not fix a stupid driver who cannot read the address or instructions correctly.,address_delivery,medium,standard,,,,,,,
G017,amazon_2728051,2728051,@AmazonHelp suspending my account because of a fraudulent transaction that had nothing to do with me - joke. Any chance of getting help from someone in customer services who doesn’t just send repeated template replies??,payment_billing,long,ambiguous,,,,,,,
G018,amazon_2930653,2930653,@115821 @AmazonHelp I have placed similar order through muy https://t.co/OoFST3q4aY and Amazon.in Global Store. Please help me cancel anyone.,cancel_order,medium,standard,,,,,,,
G019,amazon_2956000,2955997,@AmazonHelp How do you set up a number of devices on amazon music with the same Alexa account will it automatically sign it self up for amazon music unlimited,account_login,medium,standard,,,,,,,
G020,amazon_2540272,2540270,"@AmazonHelp I just want to know what the point of Prime even is if there are constantly delays, with zero acknowledgement and zero credit given. You guys had no problem charging a raised annual fee, yet since then I get constant delays.",payment_billing,long,ambiguous,,,,,,,
G021,amazon_1730186,1730186,.@115830 @AmazonHelp Can I buy gift cards for other countries from the UK? Want 1 for amazon.ca as the last giftcard was limited to UK?,gift_card,medium,standard,,,,,,,
G022,amazon_1043727,1043650,@AmazonHelp @115850 @115821 How many times and on how many platforms should I register my complaint. No of Delivery agent provided is also wrong,delivery_tracking_delay,medium,standard,,,,,,,
G023,amazon_976728,976728,@115850 Can u tell me reason for cancellation of my order number #408-1388958-0740354?,cancel_order,medium,standard,,,,,,,
G024,amazon_1557215,1557208,@AmazonHelp then I really don't think they should be advertised as prime...,prime_membership,medium,standard,,,,,,,
G025,amazon_2954483,2954483,@AmazonHelp @115821 @115830 so I tried to get some help and now Amazon or someone pretending to be Amazon is asking me for all my personal and card details. #somethingisnotright https://t.co/CuQ6FMsN5w,payment_billing,long,standard,,,,,,,
G026,amazon_2408713,2408713,"@115821 on your tv install. For my zip it's $127, up to 5 devices is the estimate. All I have is a dvr &amp; sound bar. Would the price be the same?Thanks, Tom",payment_billing,medium,standard,,,,,,,
G027,amazon_2230567,2230567,@AmazonHelp i can't login on the web browser but the app allows me to login i get a message saying i need to provet that it is me,account_login,medium,standard,,,,,,,
G028,amazon_2693897,2693897,Is $59.95 the final price or do I have to pay more? @AmazonHelp https://t.co/bCLyYlVhiu,payment_billing,medium,standard,,,,,,,
G029,amazon_1402193,1402192,@AmazonHelp the date to redeem that is drawing to an end soon,gift_card,medium,standard,,,,,,,
G030,amazon_1723864,1723864,@115850 really surprised that such you would allow shipping a broken item. Broken handle neatly placed in box as if it’s routine..! https://t.co/Fa5mtvCYnh,wrong_damaged_item,medium,standard,,,,,,,
G031,amazon_1487380,1487380,"@118706 and @115821...where in the HELL is my daughter-in-law's package? The tracker hasn't updated for TWO DAYS, saying ""out for delivery""...",delivery_tracking_delay,medium,standard,,,,,,,
G032,amazon_1200587,1200587,"@115850 . I had bought the one plus 5 smartphone on 27th July under the SBI debit card offer of ₹1500 cashback. Not received it yet,",missing_or_not_received,medium,ambiguous,,,,,,,
G033,amazon_2882204,2882203,Bought a cleansing brush on amazon bc i forgot to cancel my subscription &amp; was charged anyway for the month.,payment_billing,medium,ambiguous,,,,,,,
G034,amazon_939604,939603,@AmazonHelp thanks this was sent to my other email account that i don't have with amazon,account_login,medium,standard,,,,,,,
G035,amazon_2588681,2588681,@115850 Need to cancel an order. Unable to do so. Please assist.,cancel_order,medium,standard,,,,,,,
G036,amazon_2840131,2840128,@AmazonHelp No. Tengo la cuenta bloqueada desde el primer día que inicie mi prueba Amazon Prime. Y ahora no puedo ni acceder a mi cuenta para cancelar la suscripción. ¿Qué hago?. Me cancelaron todos mis pedidos.,prime_membership,long,standard,,,,,,,
G037,amazon_2971971,2971971,No @118706 has informed @AmazonHelp that my packages have been damaged before they even made an attempt to ship them out,wrong_damaged_item,medium,standard,,,,,,,
G038,amazon_2289176,2289176,@AmazonHelp how do we contact amazon customer service? a product that i received which was 'fulfilled by amazon' was the wrong product.,wrong_damaged_item,medium,standard,,,,,,,
G039,amazon_929582,929582,"@AmazonHelp package arrived, is being pushed to different parts of courier facility, update address and send me product I ordered on 10oct",address_delivery,medium,standard,,,,,,,
G040,amazon_487702,487702,@AmazonHelp I have been trying to get back into my Prime® account that you deleted by mistake. It's been going on since Nov. 26th.,account_login,medium,ambiguous,,,,,,,
G041,amazon_174534,174534,@AmazonHelp hi. When I enter my email address and password I am seeing 'we cannot find an account with that email address'. Any ideas why this might be? They are stored in the browser so is definitely the correct credentials.,account_login,long,ambiguous,,,,,,,
G042,amazon_39583,39583,"Constantly getting notifications that my @115821 orders arrived when they didn’t. And the customer service agent I’m chatting with is so rude. I already canceled Fresh.. don’t want to cancel Prime, too 😐",prime_membership,long,ambiguous,0.0,,,,,,
G043,amazon_834789,834789,@AmazonHelp hello. I ordered a refund/return weeks ago but no one came to pick up the item?,refund_return,medium,standard,,,,,,,
G044,amazon_111800,111798,"@AmazonHelp I am missing 2 refunds out of 6 items I returned, I used the other 4 refunds on other items already and waiting for the last 2 to be refunded. he stated I already used the last 2 when it obviously has not been refunded, I have all transactions on my account still and saved",missing_or_not_received,long,ambiguous,,,,,,,
G045,amazon_1496632,1496631,@197572 @115850 Voucher mil jayega,gift_card,short,standard,,,,,,,
G046,amazon_1483557,1483556,@AmazonHelp It was delievered today. Thanks!,other,short,hard,,,,,,,
G047,amazon_128160,128160,@115850 when I bought oneplus5 offer read as stream prime get pay balance. Read on Kindle app get so and so but I didn't receive both why,missing_or_not_received,medium,ambiguous,,,,,,,
G048,amazon_2377245,2377249,@AmazonHelp I have already provided day before yesterday and before that I am doing follow up since 17 days. Pls confirm as I have paid 19000 for this order and have not received my product nor any refund.,missing_or_not_received,long,ambiguous,,,,,,,
G049,amazon_382217,382217,1)@115850 @AmazonHelp... Dear Amazon are we paying to get defective or already used product 🙄🙄😥.. Received 3rd defective product in row!!,wrong_damaged_item,medium,standard,,,,,,,
G050,amazon_2317446,2317446,"@AmazonHelp über WE Sellecentral-Account gesperrt. Warum? Hilfe und Kontakt-Form landen immer wieder im Login. Keine E-Mail - NIX! Wir erwarten umgehend Kontaktaufnahme durch AMAZON oder eine Durchwahlnummer! Artikel sind noch aktiv, also rechtlich problematisch wenn kein Zugriff",account_login,long,standard,,,,,,,
G051,amazon_1919817,1919817,"@AmazonHelp PRIMENOW5 voucher code isn't working in London, any ideas? https://t.co/QYNBgdSU7r",gift_card,medium,standard,,,,,,,
G052,amazon_619269,619267,"@AmazonHelp Still product is not delivered , waiting from 3 days . Informed about same at above mentioned address but no solution",address_delivery,medium,standard,,,,,,,
G053,amazon_1777663,1777663,Why is next day delivery suddenly mean 48hojr delivery? Has prime changed @AmazonHelp,delivery_tracking_delay,medium,ambiguous,,,,,,,
G054,amazon_255010,255010,"@115821 i order nokia 6 matte black on 21th September &amp; i got wrong product after many follow ups and mails,result is ZERO.Its ridiculous.",wrong_damaged_item,medium,standard,,,,,,,
G055,amazon_1540963,1540963,@AmazonHelp my redeem code sent for Call of Duty: WW2 isn't working??,gift_card,medium,standard,,,,,,,
G056,amazon_2292686,2292686,amazon prime really snatched $99 from my bank account without warning i'm about to go the fuck off,account_login,medium,ambiguous,,,,,,,
G057,amazon_314252,314252,@115850 friends stop shopping from Amazon. They are just making us fool by providing used and faulty products,wrong_damaged_item,medium,standard,,,,,,,
G058,amazon_390039,390039,"#Amazon @120533 #lt Au revoir abonnement prime et demande de retour de tous mes articles, sans compter les futurs achats que vous perdez !",prime_membership,medium,standard,,,,,,,
G059,amazon_77537,77535,@AmazonHelp It must be. I've had the same email address for years and I have tons of old order confirmations in my inbox.,address_delivery,medium,standard,,,,,,,
G060,amazon_1563544,1563544,@AmazonHelp why do I have to 'request' a cancellation? If you can't deliver next business day on Prime that's your fault.,prime_membership,medium,ambiguous,,,,,,,
G061,amazon_792731,792730,@AmazonHelp Please provide me again these books on same address,address_delivery,medium,standard,,,,,,,
G062,amazon_2336325,2336325,1 thing I hate about @115821 is that having no way of knowing where things come from. ie being a Prime member but shipping from China #weeks,prime_membership,medium,standard,,,,,,,
G063,amazon_550474,550474,@115850 it’s been two months i did not received any refund as my product did not deliver. After 100 mails no one bother to solve the problem. My first EMI got deducted. And still cs doesn’t care!! Disappointed @AmazonHelp,missing_or_not_received,long,ambiguous,,,,,,,
G064,amazon_485428,485428,@115821 Don't you love it when you order something with Prime with a promise to get it before your son's birthday for his party and then it sits in Ohio for over two days missing delivery and ruining the party and then @AmazonHelp won't make it right.,delivery_tracking_delay,long,ambiguous,,,,,,,
G065,amazon_2550243,2550243,@AmazonHelp lost package 3 days after undeliverable package (needed security gate code- I don't have a gate). You guys feeling ok?,missing_or_not_received,medium,standard,,,,,,,
G066,amazon_1700053,1700056,@AmazonHelp It takes me to the redeem code page but it doesnt auto populate the code,gift_card,medium,standard,,,,,,,
G067,amazon_2569208,2569208,@AmazonHelp i bought a earphone exactly 30 days Back and it has stopped working. Is this the kind of product u deliver. Worst return policy.,refund_return,medium,standard,,,,,,,
G068,amazon_420222,420222,Your stupid new security check stopped my purchase @AmazonHelp - it’s my phone and fingerprint. You don’t need more!,other,medium,hard,,,,,,,
G069,amazon_932220,932220,Los señores de @116928 me han prorrogado el periodo de prueba gratis de Amazon Prime un mes más!! ❤️ https://t.co/NixFDNgAUG,prime_membership,medium,standard,,,,,,,
G070,amazon_876291,876291,@AmazonHelp why is it that I've ordered 2 different pairs of headphones and both have come broken?,wrong_damaged_item,medium,standard,,,,,,,
G071,amazon_461255,462467,@AmazonHelp i have already shared via email from __email__..please check and refund my money,refund_return,medium,standard,,,,,,,
G072,amazon_1980725,1980725,@115821 Got my package! Some of the eyeshadows in the palette are broken. I'll try to fix it!,wrong_damaged_item,medium,standard,,,,,,,
G073,amazon_2449429,2449429,Starting to get really concerned about the book I got from @115821. Has my full name and was sent to new address... which no one has. 😯,address_delivery,medium,standard,,,,,,,
G074,amazon_1538009,1538009,@115850 My order number is 171-78489308924316 - please return this product instead of exchaning it. Thanks,refund_return,medium,standard,,,,,,,
G075,amazon_1606351,1606351,Bring home the Wonder! Buy #WonderWoman on #AmazonVideo &amp; receive a promotional code to redeem 2 DC digital comics. https://t.co/rpPXkOo9aJ https://t.co/x40LshaO1y,gift_card,medium,standard,,,,,,,
G076,amazon_1553275,1553266,"@AmazonHelp Hi amazon, I can’t redeem my pre order bonus but have redeemed other codes please can you look into this for me I get this message https://t.co/L0xt5tFFbn",gift_card,medium,standard,,,,,,,
G077,amazon_563963,563962,Update: after waiting all day at home for my Amazon package to arrive it tells me it’s delivered but never arrived at my doorstep or my fucking apartments after talking to AN AMAZON REPRESENTATIVE THIS FUCKING MORNING ABOUT MY PACKAGE ARRIVING TODAY,missing_or_not_received,long,standard,,,,,,,
G078,amazon_2551060,2551055,@AmazonHelp Was so simple I got a echo last week for 99 it’s on sale 79..they were too stupid to fix it. 3 people all broken English. I am returning it.,wrong_damaged_item,medium,standard,,,,,,,
G079,amazon_2919895,2919895,"@115821 @119038 prime sub cancelled, two months sub and no twitch prime sub button appearing, three messages and only automated answers. Good job guys.",prime_membership,medium,standard,,,,,,,
G080,amazon_1503848,1503850,"@AmazonHelp Believe me, I’ve tried on 2 phone, a laptop and 2 tablets. It was a gift voucher which has now been redeemed.",gift_card,medium,standard,,,,,,,
G081,amazon_1513335,1513331,@AmazonHelp Would it be too late to cancel this order now if I wanted? Maybe ordering Xbox credit then buying from their store on the Xbox maybe the way,delivery_tracking_delay,medium,ambiguous,,,,,,,
G082,amazon_1068372,1068372,@AmazonHelp I am unable to sign into my account on iOS. Keep getting this error. Username and Password are correct. https://t.co/zEUmeqh6G0,account_login,medium,standard,,,,,,,
G083,amazon_2772430,2772430,Amazon charged me for shit I didn’t sign up for and wanted to refund me a promotional certificate. TF.,refund_return,medium,ambiguous,,,,,,,
G084,amazon_2859784,2859783,@AmazonHelp no for a printer,other,short,hard,,,,,,,
G085,amazon_2812816,2812816,"アマゾンプライムミュージックにスピッツ見つけたのでリピート再生しながら作業( 'ω' و(و """,other,medium,hard,,,,,,,
G086,amazon_2318980,2318984,@AmazonHelp I studied my account and I do not have any active subscriptions. And the last thing bought in my order history was $6.. https://t.co/q9h0bOICWQ,account_login,medium,standard,,,,,,,
G087,amazon_1318980,1318979,"@115830 So my email says I can cancel, yet I can't actually cancel it. Thanks, Amazon.",cancel_order,medium,standard,,,,,,,
G088,amazon_1480168,1480167,@AmazonHelp Wat's the point if I have to return/replace the product everytime? Why take prime if it takes 1 week for the final product to arrive?,refund_return,medium,ambiguous,,,,,,,
G089,amazon_29958,29958,アマゾンからの荷物が届いていたので、てっきり先日注文した某書物だろう、と思ったら・・先月届いたものと同じものがなぜかもう一冊届いた不思議(?_?) 注文履歴見ても一度しか注文してないのになんでなんだろう・・,other,medium,hard,,,,,,,
G090,amazon_224844,224844,"@115830 fraudulent transaction alert! My Indian credit card swiped for GBP 454 without auth. Look into it, take action and inform",payment_billing,medium,standard,,,,,,,
G091,amazon_854359,854336,"@322917 @37906 Actually let's focus on the real issue here, where is my copy of @212203 #TheFracturedButWhole @115821? @118706?",missing_or_not_received,medium,standard,,,,,,,
G092,amazon_2063279,2063279,@115830 FYI...cardboard + rain + snow = damaged Christmas present + one unhappy customer https://t.co/VRoYtTm3R2,wrong_damaged_item,medium,standard,,,,,,,
G093,amazon_349738,349738,@115850 No use of prime membership. Cancel n revert my money. Wasted so much valuable time in Amazon. Revert money. Good bye 👋🏼,prime_membership,medium,ambiguous,,,,,,,
G094,amazon_2129017,2129018,@626727 @115830 I had one in Sunday that's gone missing too.,missing_or_not_received,medium,standard,,,,,,,
G095,amazon_278681,278681,"@115850 how many weeks do u take to deliver goods, once its out for delivery?? Can i expect to see &amp; use my purchases Booking no#589548328",delivery_tracking_delay,medium,standard,,,,,,,
G096,amazon_1357190,1357190,"@226078 @1386 @115850 i purchased bms+amazon gv, all are locked. why the hell this is done,i want my money,solve this issue",other,medium,hard,,,,,,,
G097,amazon_1117990,1117989,@AmazonHelp I'm going to have to cancel it.,cancel_order,short,standard,,,,,,,
G098,amazon_2440297,2440297,"so apparently the dvd i ordered from @115821 marketplace has been ""attempted for delivery"" twice but there's been someone here both times it was attempted so ??? (also there's no ""missed package"" notice)",delivery_tracking_delay,long,standard,,,,,,,
G099,amazon_971010,971055,@AmazonHelp Damn. Are u guys for serious? I HAVE NOT RECEIVED ANY E-MAIL SO IN WHAT DO I REPLY?? DO YOU GET THIS NOW ATLEAST???,missing_or_not_received,medium,standard,,,,,,,
G100,amazon_714756,714755,@115821 @125965 @290981 Can you redeem this on Xbox?,gift_card,medium,standard,,,,,,,
G101,amazon_917530,917529,@AmazonHelp It’s one of your lot it was a prime delivery!,delivery_tracking_delay,medium,ambiguous,,,,,,,
G102,amazon_535014,534988,@AmazonHelp I have still not received my courier!,missing_or_not_received,medium,standard,,,,,,,
G103,amazon_93555,93555,Shoutout to @115821 for replacing that broken controller I’ve been complaining about! 👍🏻,wrong_damaged_item,medium,standard,,,,,,,
G104,amazon_1660807,1660807,Hi @115850 pls cancel order 402-7468265-6772312 . I am unable to cancel it. Thanks,cancel_order,medium,standard,,,,,,,
G105,amazon_1519819,1519819,Contempt by @115821 .au with not even reply to email giftcard service query. Lord save us when Big Four rule. Anybody there @AmazonHelp ??,gift_card,medium,standard,,,,,,,
G106,amazon_180523,180523,"Had to cancel my order today from @116090 2 day shipping item still not shipped, horrible experience with the CSR. @AmazonHelp",cancel_order,medium,standard,,,,,,,
G107,amazon_111966,111966,And once again @115830 fails to fulfil “guaranteed” delivery dates and “next day delivery” Questioning the point of prime now!,delivery_tracking_delay,medium,ambiguous,,,,,,,
G108,amazon_1688595,1688595,hey @115830 @115821 you just charged EVERY payment method I have stored on your site with a random charge!,payment_billing,medium,standard,,,,,,,
G109,amazon_1505421,1505421,@115766 I keep getting an error message when trying to redeem my @115821 pre-order reward for @115786. Known issue? Fix?,gift_card,medium,standard,,,,,,,
G110,amazon_224220,224223,@115850 Ya received but why it got cancel? I got the Diwali discount and then it got https://t.co/ud8cMMbLiv its cost is higher if i want to buy.,cancel_order,medium,standard,,,,,,,
G111,amazon_2640901,2640901,"@115830 you have taken my family members money, sent the gifts to the wrong address and then cut me off when I call to complain. Bravo. #useless #worstcustomerserviceever #joke",address_delivery,medium,standard,,,,,,,
G112,amazon_510397,510397,"@115821 I have placed 10 orders from you in 4 weeks and 9 out of 10 have been late and not treated as Prime. What is going on? Was suppose to receive 2 orders today and they never arrived. Seriously, what is going on???",delivery_tracking_delay,long,ambiguous,,,,,,,
G113,amazon_2915853,2915853,Tech question: my wife bought me the new Kindle Fire HD 10 for our anniversary. Love it! Great tool. Cool to have Alexa on there. But how is it possible that I can't get GroupMe on it when I have GroupMe on my old Fire 8? @AmazonHelp @115821 @3279 Use GroupMe a LOT at @111866,other,long,hard,,,,,,,
G114,amazon_257697,257696,@AmazonHelp I went to the link u sent but there isn't a choice to cancel items or edit for the order I'm trying to cancel,cancel_order,medium,standard,,,,,,,
G115,amazon_1549415,1549415,@AmazonHelp is there a reason I'm still getting charged every other month for Amazon Prime even though it's been canceled for months? https://t.co/eSRWLFnxiB,payment_billing,medium,ambiguous,,,,,,,
G116,amazon_2773018,2773016,"@AmazonHelp Of course....if Amazon would like to give me a voucher for the said £20 to place the order, feel free. Otherwise, how presumptuous can you be? Also, lastly - if there was a problem - how come you didn't email me and notify me? I've had zero communication - until I do it first.",gift_card,long,standard,,,,,,,
G117,amazon_1604097,1604101,@AmazonHelp How to add a credit card...because they are manillan and they can't read English https://t.co/PRlbzYtZE7,payment_billing,medium,standard,,,,,,,
G118,amazon_885630,885630,@AmazonHelp my return request has been cancelled by the courier facility without being the return attempt made by them to the given address,refund_return,medium,ambiguous,,,,,,,
G119,amazon_2281338,2281336,"@AmazonHelp It's from Amazon shipping, either that or I can give an alternative address for tomorrow, if you need order number etc that's fine",address_delivery,medium,standard,,,,,,,
G120,amazon_2731124,2731124,@115830 I did not receive a recent order and cannot locate the ‘contact us’ section of your website Please assist,missing_or_not_received,medium,standard,,,,,,,
G121,amazon_523516,523516,@115821 Return policy enquiry from Amazon customer MohanKrishna (Order: 404-1115917-5931559) https://t.co/ljPhFQyw6u,refund_return,medium,standard,,,,,,,
G122,amazon_428606,428606,"@AmazonHelp This gift voucher promo, there is no 'Click to register' button anywhere on the page? https://t.co/lNmf7Qdqiv",gift_card,medium,standard,,,,,,,
G123,amazon_281966,283122,@181565 @115850 This is not all I have ordered four times for lenovo k8note all time its prepaid order and every time they cancel order without informing u,cancel_order,medium,standard,,,,,,,
G124,amazon_1423079,1423069,"@AmazonHelp Hi I requested a cancellation before the product arrived, why hasn't the request been accepted",cancel_order,medium,standard,,,,,,,
G125,amazon_225490,225500,"@AmazonHelp I do not received any call from service person yet - its 10:00 am now, can someone followup and update me the status.",missing_or_not_received,medium,standard,,,,,,,
G126,amazon_502411,502411,@115821 what’s with you leaving your packages on the sidewalk? no wonder i’m missing a package from my wedding registry 🤦🏻‍♀️ https://t.co/Z3KcGxN98e,missing_or_not_received,medium,standard,,,,,,,
G127,amazon_1561133,1561129,@115821 was supposed to arrive on Thursday. Going to see my friend’s baby gaughter today - what am I supposed to do? Unacceptable,other,medium,hard,,,,,,,
G128,amazon_1873812,1873812,@146898 @120474 do it again!!! Let you buy tickets and immediately cancel your order! Not happy!!!! 😡,cancel_order,medium,standard,,,,,,,
G129,amazon_947707,947707,@AmazonHelp I need to speak to somebody regarding an outrageous security violation of my account earlier sanctioned by customer services,account_login,medium,standard,,,,,,,
G130,amazon_199981,199979,@AmazonHelp you have my condition for the return in the first tweet itself. Fulfill it then we will talk,refund_return,medium,standard,,,,,,,
G131,amazon_1212235,1212237,@AmazonHelp Automated replies are of no use. You delivered my product to an address which was closed for Diwali. Order ID:-402-9068890-8005955,address_delivery,medium,standard,,,,,,,
G132,amazon_533260,533260,"@115850 I had cancelled my order 171-3881888-6984365, but I am yet to receive my refund. Can you pls update?",refund_return,medium,standard,,,,,,,
G133,amazon_1092460,1092460,"@AmazonHelp so, silly question. Ordered something Saturday that is a prime item, but why isnt it being delivered within 2 days?",prime_membership,medium,standard,,,,,,,
G134,amazon_2531727,2531727,@AmazonHelp Worst experience with you! Had to cancel my order! Flipkart has better service than yours.,cancel_order,medium,standard,,,,,,,
G135,amazon_476894,476894,"@115850 @AmazonHelp @115851 Sir, can u give me ur number so that I can share my live location so that u will know that I am at my home waiting for ur courier guy to pick the return and he won’t be able to misreport that I was not available n door was closed.",refund_return,long,standard,,,,,,,
G136,amazon_258801,258758,"@AmazonHelp @4030 @118702 @115937 @4110 @4168 @119356 @115821 @131283 @144775 @2517 @115830 @115850 Dear Amazon, Have you published my review? Or are u still busy selling your faulty e-products? Stop your malpractice. #ScamAtAmazon #Day16",wrong_damaged_item,long,standard,,,,,,,
G137,amazon_1347640,1347642,@AmazonHelp Well no I paid prime and have next day delivery. I would like compensating as this was a present.,delivery_tracking_delay,medium,ambiguous,,,,,,,
G138,amazon_2366318,2366318,"Hey @AmazonHelp, can Amazon Prime Now orders be delivered to an Amazon Hub?",prime_membership,medium,standard,,,,,,,
G139,amazon_2133113,2133108,"@AmazonHelp My new shoes got torned within a month, tried a lot to get it returned. Went to bata too to they said it's duplicate product. You Conned me",refund_return,medium,standard,,,,,,,
G140,amazon_1661418,1661417,@AmazonHelp @115850 @AmazonHelp need warranty support headphone is not working mic is faulty what to do and give your customer representative number,wrong_damaged_item,medium,standard,,,,,,,
G141,amazon_309243,309240,@AmazonHelp This all happened today!,other,short,hard,,,,,,,
G142,amazon_2813560,2813560,@115821 your packaging left a bit too be desired today. Everything was correct in the package though. https://t.co/Jje0W8NZZ6,other,medium,hard,,,,,,,
G143,amazon_80668,80678,@AmazonHelp Et l'emballage cadeau est top! :),other,medium,hard,,,,,,,
G144,amazon_929191,929191,@AmazonHelp @115850 deliverd product worth 1000INR through @149473 month ago COD.paid thru @122951. Amount paid twice.#Amazon said they are not responsible for returning money.#bluedart asks me 2 come to their office&amp;collect cheque as they cant return money thru #paytm,refund_return,long,standard,,,,,,,
G145,amazon_1278135,1278135,@AmazonHelp unlock my account __email__ https://t.co/NA8t2ZNUt5,account_login,medium,standard,,,,,,,
G146,amazon_431077,431077,He didn't receive the package. There has been some discrepancy. No updates from @115850 even after 24 hours. Disappointed 😕 #SumedhArak https://t.co/Izn9mzJ7kk,missing_or_not_received,medium,standard,,,,,,,
G147,amazon_1216224,1216222,@AmazonHelp An item that was scheduled for delivery today shipped this morning and won't be delivered until tomorrow. Ordered on 10/22 w/ 2 day shipping,delivery_tracking_delay,medium,standard,,,,,,,
G148,amazon_1496632,1496632,@467467 did not send my winning voucher so poor compancy did not send my winning voucher ??? #fakeamazonin @115850,gift_card,medium,standard,,,,,,,
G149,amazon_403533,420021,@146377 @AmazonHelp So despite telling me it would arrive by Prime on Saturday there was no chance of that happening. They haven't even tried to deliver it!!!,prime_membership,medium,standard,,,,,,,
G150,amazon_44548,44550,@AmazonHelp That needs to be fixed. If a household has one prime account but a husband/wife want to listen on different devices they cant. 😡😡😡,account_login,medium,ambiguous,,,,,,,
G151,amazon_1076306,1076306,"@AmazonHelp parcel delivered to my address, left outside in rain. Address/postcode is mine. Nobody lives here with name on parcel. Any ideas",address_delivery,medium,standard,,,,,,,
G152,amazon_2278333,2278329,@AmazonHelp Order date:15-Oct-2017 Order No:407-7059915-6297120 Order total:599.00 Email: patniabhishek@gmail..com Hope this helps. Tell ETA,other,medium,hard,,,,,,,
G153,amazon_2763532,2763532,"@AmazonHelp Hi. Went to my tab from earlier and I got a Privacy Error (using Chrome) with ""Not secure....."" in the address bar and saying my connection isn't private. I'm too afraid to log in on another browser. :(",account_login,long,ambiguous,,,,,,,
G154,amazon_292285,292282,"@AmazonHelp About the 5th time we got a ""attempted delivery"" notification at the end of a day/shift when it clearly/definitely was not the case",delivery_tracking_delay,medium,standard,,,,,,,
G155,amazon_2662844,2662842,@AmazonHelp I've called customer service several times and tried to change the delivery instructions but they won't deliver if I don't answer the door,delivery_tracking_delay,medium,standard,,,,,,,
G156,amazon_1152653,1152653,@137341 can you kindly bring kindle's price in India at par with global prices. Look at the price comparison I saw today. https://t.co/FKbF8Jmq8R,payment_billing,medium,standard,,,,,,,
G157,amazon_1401484,2419962,"The next day comes around and 9pm hits. The one and only notification I received was that my package was signed by me and delivered at my address. Strange, since I never did signed nor received my package 😑",address_delivery,long,standard,,,,,,,
G158,amazon_1677127,1677127,"Hey @AmazonHelp, I don't like being lied to. Don't have your people promise refunds for sending me damaged books, then go back on their word",wrong_damaged_item,medium,standard,,,,,,,
G159,amazon_499950,499950,I don't get how it's acceptable for @81 @118706 @115817 @115821 to just leave/drop off packages outside the house without consistent delivery notifications. Three lost packages in three months.,delivery_tracking_delay,long,standard,,,,,,,
G160,amazon_826268,826268,If @116090 sends me another package with @916 I’ll delete my account. Not worth the headache.,account_login,medium,standard,,,,,,,
G161,amazon_2398196,2398195,@AmazonHelp We have contacted several times already since Sunday. They keep fobbing us off with another 24 hours to investigate the matter. RUBBISH. The Courier has already said were they delivered. Wrong address!! Not my problem I want the money refunded today or replacement sent out for,address_delivery,long,standard,,,,,,,
G162,amazon_1306039,1306039,for fucks sake. I finally got the DNA test for Max and the code on the box is defective AND product has been used wtf amazon.,wrong_damaged_item,medium,standard,,,,,,,
G163,amazon_1490769,1490772,@AmazonHelp Order# 171-9509195-0411533. My email address:- __email__,address_delivery,medium,standard,,,,,,,
G164,amazon_1910354,1910354,@116618 Any chance of releasing @132976 on #Bluray?,other,medium,hard,,,,,,,
G165,amazon_2279660,2279660,"@117795 Hey @117795, how can I use my Amazon gift card balance on Prime Now in UK? Is there a workaround for this?",payment_billing,medium,ambiguous,,,,,,,
G166,amazon_180426,180424,@AmazonHelp There are too many items price show wrong on amazon website,payment_billing,medium,standard,,,,,,,
G167,amazon_2577028,2577028,"@115821 @AmazonHelp if an item is listed as ""prime pantry"" does that mean I have to have prime pantry to get it? Or it just makes it cheaper if I were a pantry member?",prime_membership,medium,standard,,,,,,,
G168,amazon_1668359,1668358,@AmazonHelp Am I supposed to return stone via courier???,refund_return,medium,standard,,,,,,,
G169,amazon_21586,21577,@AmazonHelp Feedback? Are you kidding me? Where is my money and the package...bloddy idiots I am the prime customer and I want the shipment to be delivered rite now...I don't care about ur internal review...get me ur escalation point of contact to call me,delivery_tracking_delay,long,ambiguous,0.0,,,,,,
G170,amazon_236159,236164,@AmazonHelp There is no option not to auto renew because th payment got declined. I don't want to add a working card because I will be charged.,payment_billing,medium,standard,,,,,,,
G171,amazon_2980952,2980952,I fcked round and bought 3 of the same colognes and it wont let me cancel the fucking order 😭😭 i only wanted 1 give me my Fucking money back @115821,refund_return,medium,ambiguous,,,,,,,
G172,amazon_2389685,2389699,@AmazonHelp Amazon now it's more frustrating for me.i ve send all the details of my account which I'm using from 1 year and im able to place the order from the same.then how u can send me d mail teling that your details are https://t.co/epmxEQQGvm sincerely I'm going to make an complaint. https://t.co/sLMAN0nXJ5,account_login,long,standard,,,,,,,
G173,amazon_301044,301044,@AmazonHelp Am I missing something here?? https://t.co/7A1cC9h9f0,missing_or_not_received,medium,standard,,,,,,,
G174,amazon_834182,834817,@115821 @115851 @Walmart @116062 @889 @120330 @136083 @318653 @318654 @318655 Do not trust amazon price guarantee especially on preorders! https://t.co/DWbTUopPrz,payment_billing,medium,standard,,,,,,,
G175,amazon_1719683,1719673,@AmazonHelp The link is opening the same page on which I had already raised my concern can you guys look into my matter or I cancel my order,cancel_order,medium,standard,,,,,,,
G176,amazon_230066,230066,"@115850- I ordered a phone and just in the morning got automated call that, it's been rejected by me, when I never did it. Still confused. https://t.co/FK6STx2J53",other,medium,hard,,,,,,,
G177,amazon_644804,644804,"@115830 I ordered something from you and it's arrived damaged. I'm not sure who to contact, when I tried to leave a review with photos it wouldn't let me. U would like someone to contact me regarding this issue please",wrong_damaged_item,long,standard,,,,,,,
G178,amazon_852803,852803,@117795 I would like a full refund. Amazon really slapped my head.,refund_return,medium,standard,,,,,,,
G179,amazon_2372330,2372330,@115830 just accidentally pressed cancel order on something that’s arriving tomorrow - how do I fix this?! 😫,cancel_order,medium,standard,,,,,,,
G180,amazon_2594954,2594949,@AmazonHelp Bien sûr Transporteur : LP Collect Numero de suivi : 6Y00367525482 https://t.co/zhxiYRzt2m,other,medium,hard,,,,,,,
G181,amazon_2880386,2880387,@AmazonHelp Tracking ID 1ZE45F730402717195 and the statute is late https://t.co/ahKFYdkJo2,delivery_tracking_delay,medium,standard,,,,,,,
G182,amazon_2831606,2831602,"@AmazonHelp My next options aren’t nearly as friendly as a chat! Report Amazon to Trading Standards for “sharp practice” Have my Bank claw back the funds, not you return it Write to the Office of your CEO As they say, the ball is firmly in your court to fix this. I await your response.",refund_return,long,standard,,,,,,,
G183,amazon_1653470,1653470,@228164 @115850 @AmazonHelp I want to cancel my order which I placed by mistake. I am not finding cancel order icon. Help ASAP! https://t.co/DUqMTPjjOm,cancel_order,medium,standard,,,,,,,
G184,amazon_710049,710049,"The only time I receive a package damaged, is when it clearly says ""handle with care"" ""lithium ion battery present"" @115817 @115821 https://t.co/tOBaUpzI0M",wrong_damaged_item,medium,standard,,,,,,,
G185,amazon_399905,399905,@115850 your service is very bakwas Because maine ek order kiya tha jo book ho gya .Aur kuch samaya baad order apne aap cancel ho gya why,cancel_order,medium,standard,,,,,,,
G186,amazon_375557,375555,@AmazonHelp It takes away from the whole point of paying to get prime shipping.,prime_membership,medium,standard,,,,,,,
G187,amazon_1097712,1097712,@AmazonHelp I've got amazon prime and Xperia XZ Premium phone but I can't seem too stream anything in 4K but I have good WiFi signal https://t.co/iROCOwlMc0,prime_membership,medium,standard,,,,,,,
G188,amazon_1540963,1540972,"@AmazonHelp i purchased the physical Pro edition and received a promo code via email as a pre-order bonus, however the code doesn't work when attempting to redeem on Call of Duty's website",gift_card,long,standard,,,,,,,
G189,amazon_969851,969851,Dear @AmazonHelp I have a Amazon Prime account on .co.uk and a Fire Stick at my house in Belgium. How can I watch Prime on my TV here?,account_login,medium,ambiguous,,,,,,,
G190,amazon_1701211,1701211,Don't use #amazonpay once u added money then u can not withdraw it back to ur account @115850 while u can withdraw it in other countries.,account_login,medium,standard,,,,,,,
G191,amazon_1664424,1664424,When @115830 make you think you're getting your Xbox on release date but actually you're not but here's a £5 voucher 🙄🙄 shite.,gift_card,medium,standard,,,,,,,
G192,amazon_1203361,1203361,Amazon fucked up and delivers my package to another house😑,other,medium,hard,,,,,,,
G193,amazon_1431400,1431400,@115830 do you use @122232 for some of your deliveries? That may explain why those parcels have gone missing #PoorCustomerService,missing_or_not_received,medium,standard,,,,,,,
G194,amazon_2531717,2531717,@115850 Ur app doesnot allow to choose cod if u have Amazon pay balance.Not even able to Untick amazon pay n pay entire thruh cod.Why?#Bug,other,medium,hard,,,,,,,
G195,amazon_466708,466707,@AmazonHelp I ordered over 1500 in Amazon Pantry - still ur website is charging deliver charge! And I can't see my full list of orders- for pantry the experience is BAD,payment_billing,medium,standard,,,,,,,
G196,amazon_2200623,2200623,@116928 no me habéis entregado mi pedido de Amazon Prime y no sé el motivo... ni me habéis llamado... @AmazonHelp,prime_membership,medium,standard,,,,,,,
G197,amazon_2834218,2834218,Okay @115830 so #AmazonPrime orders are not being delivered next day anymore @AmazonHelp So what’s the point it having it if I’ve got to wait 3 days for delivery? #FeelingRippedOff,delivery_tracking_delay,medium,standard,,,,,,,
G198,amazon_96812,96812,"@AmazonHelp why do I pay for Prime when my packages can’t be delivered in 2 days!? It’s literally in East Pete, PA...which is 15 minutes from my front door................ https://t.co/A28EiB4ihC",prime_membership,long,standard,,,,,,,
G199,amazon_279940,279937,@AmazonHelp Je ne pense pas.,other,short,hard,,,,,,,
G200,amazon_170995,170995,When you order a new kindle on Amazon prime and it’s delivered in 50 minutes - now that’s great service #amazed @115821,prime_membership,medium,standard,,,,,,,
